{
  "editor:set-heading-1": [
    {
      "modifiers": [
        "Mod"
      ],
      "key": "1"
    }
  ],
  "editor:set-heading-2": [
    {
      "modifiers": [
        "Mod"
      ],
      "key": "2"
    }
  ],
  "workspace:goto-tab-1": [],
  "editor:set-heading-3": [
    {
      "modifiers": [
        "Mod"
      ],
      "key": "3"
    }
  ],
  "editor:set-heading-4": [
    {
      "modifiers": [
        "Mod"
      ],
      "key": "4"
    }
  ],
  "editor:set-heading-5": [
    {
      "modifiers": [
        "Mod"
      ],
      "key": "5"
    }
  ],
  "editor:set-heading-6": [
    {
      "modifiers": [
        "Mod"
      ],
      "key": "6"
    }
  ],
  "workspace:goto-tab-2": [],
  "workspace:goto-tab-3": [],
  "workspace:goto-tab-4": [],
  "workspace:goto-tab-5": [],
  "workspace:goto-tab-6": [],
  "editor:insert-codeblock": [
    {
      "modifiers": [
        "Alt",
        "Mod"
      ],
      "key": "C"
    }
  ],
  "editor:insert-mathblock": [
    {
      "modifiers": [
        "Alt",
        "Mod"
      ],
      "key": "M"
    }
  ]
}