{
  "main": {
    "id": "7c15b290fc8d0c6e",
    "type": "split",
    "children": [
      {
        "id": "c0ea430bef686bb8",
        "type": "tabs",
        "children": [
          {
            "id": "e22c37be8add15ea",
            "type": "leaf",
            "state": {
              "type": "markdown",
              "state": {
                "file": "专业英语结课报告.md",
                "mode": "source",
                "source": false,
                "backlinks": true,
                "backlinkOpts": {
                  "collapseAll": false,
                  "extraContext": false,
                  "sortOrder": "alphabetical",
                  "showSearch": false,
                  "searchQuery": "",
                  "backlinkCollapsed": false,
                  "unlinkedCollapsed": true
                }
              },
              "icon": "lucide-file",
              "title": "专业英语结课报告"
            }
          }
        ]
      }
    ],
    "direction": "vertical"
  },
  "left": {
    "id": "7dc782c39ef8535a",
    "type": "split",
    "children": [
      {
        "id": "339c85f270f585a6",
        "type": "tabs",
        "children": [
          {
            "id": "1434933ed321f974",
            "type": "leaf",
            "state": {
              "type": "file-explorer",
              "state": {
                "sortOrder": "alphabetical",
                "autoReveal": false
              },
              "icon": "lucide-folder-closed",
              "title": "文件列表"
            }
          },
          {
            "id": "2ac247caf1330529",
            "type": "leaf",
            "state": {
              "type": "search",
              "state": {
                "query": "",
                "matchingCase": false,
                "explainSearch": false,
                "collapseAll": false,
                "extraContext": false,
                "sortOrder": "alphabetical"
              },
              "icon": "lucide-search",
              "title": "搜索"
            }
          },
          {
            "id": "1d5af9f7a5fb0fb0",
            "type": "leaf",
            "state": {
              "type": "bookmarks",
              "state": {},
              "icon": "lucide-bookmark",
              "title": "书签"
            }
          }
        ]
      }
    ],
    "direction": "horizontal",
    "width": 245.5
  },
  "right": {
    "id": "b35abfb5a528b1b6",
    "type": "split",
    "children": [
      {
        "id": "fa2e8d6c2573ff41",
        "type": "tabs",
        "children": [
          {
            "id": "80d7e2154bdf1f39",
            "type": "leaf",
            "state": {
              "type": "backlink",
              "state": {
                "file": "通信协议设计.md",
                "collapseAll": false,
                "extraContext": false,
                "sortOrder": "alphabetical",
                "showSearch": false,
                "searchQuery": "",
                "backlinkCollapsed": false,
                "unlinkedCollapsed": true
              },
              "icon": "links-coming-in",
              "title": "通信协议设计 的反向链接列表"
            }
          },
          {
            "id": "1a21d175d8d622b0",
            "type": "leaf",
            "state": {
              "type": "outgoing-link",
              "state": {
                "file": "通信协议设计.md",
                "linksCollapsed": false,
                "unlinkedCollapsed": true
              },
              "icon": "links-going-out",
              "title": "通信协议设计 的出链列表"
            }
          },
          {
            "id": "cccd2d80fa3cd9ae",
            "type": "leaf",
            "state": {
              "type": "tag",
              "state": {
                "sortOrder": "frequency",
                "useHierarchy": true
              },
              "icon": "lucide-tags",
              "title": "标签"
            }
          },
          {
            "id": "09d6b62aef929734",
            "type": "leaf",
            "state": {
              "type": "outline",
              "state": {
                "file": "通信协议设计.md"
              },
              "icon": "lucide-list",
              "title": "通信协议设计 的大纲"
            }
          }
        ]
      }
    ],
    "direction": "horizontal",
    "width": 300,
    "collapsed": true
  },
  "left-ribbon": {
    "hiddenItems": {
      "switcher:打开快速切换": false,
      "graph:查看关系图谱": false,
      "canvas:新建白板": false,
      "command-palette:打开命令面板": false,
      "markdown-importer:打开 Markdown 格式转换器": false
    }
  },
  "active": "e22c37be8add15ea",
  "lastOpenFiles": [
    "专业英语结课报告.pdf",
    "专业英语结课报告.md",
    "数理统计/试卷.md",
    "Notes/A-归档笔记/系统场景设计题汇总.md",
    "Notes/A-归档笔记/垃圾回收原理分析.md",
    "Notes/A-归档笔记/简历相关面试题汇总.md",
    "Notes/A-归档笔记/缓存与数据库一致性问题.md",
    "README.md",
    "内存优化策略.md",
    "竞赛讲稿 2.md",
    "竞赛讲稿.md",
    "工程伦理的辩论.md",
    "工程伦理.md",
    "安全芯片调研.md",
    "test.md",
    "Untitled.md",
    "Notes/Notes/RPC 和 Protobuf.md",
    "Notes/Golang/gRPC.md",
    "Notes/A-归档笔记/socket 网络编程.md",
    "geektutu/gee.md",
    "Obsidian/Notes/Go RPC 框架.md",
    "Obsidian/Notes/etcd 键值存储系统.md",
    "Notes/Golang/Golang 协程设计和 GMP 调度原理.md",
    "Obsidian/Notes/RPC 和 Protobuf.md",
    "API Documentation.md",
    "Sui Lutris: A Blockchain Combining Broadcast and Consensus.md",
    "Obsidian",
    "未命名文件夹",
    "未命名.canvas"
  ]
}