{
  "main": {
    "id": "4573fced4e76cc59",
    "type": "split",
    "children": [
      {
        "id": "d0bc65de58c333ca",
        "type": "tabs",
        "children": [
          {
            "id": "d1623162ca267334",
            "type": "leaf",
            "state": {
              "type": "markdown",
              "state": {
                "file": "Notes/Distributed Systems for fun and profit.md",
                "mode": "preview",
                "source": false
              },
              "icon": "lucide-file",
              "title": "Distributed Systems for fun and profit"
            }
          }
        ]
      }
    ],
    "direction": "vertical"
  },
  "left": {
    "id": "c7046924d7eb2157",
    "type": "split",
    "children": [
      {
        "id": "adeb54990273e444",
        "type": "tabs",
        "children": [
          {
            "id": "7cdbf3bb4bc1b726",
            "type": "leaf",
            "state": {
              "type": "file-explorer",
              "state": {
                "sortOrder": "alphabetical",
                "autoReveal": true
              },
              "icon": "lucide-folder-closed",
              "title": "文件列表"
            }
          },
          {
            "id": "2997d7d3681ae035",
            "type": "leaf",
            "state": {
              "type": "search",
              "state": {
                "query": "",
                "matchingCase": false,
                "explainSearch": false,
                "collapseAll": false,
                "extraContext": false,
                "sortOrder": "alphabetical"
              },
              "icon": "lucide-search",
              "title": "搜索"
            }
          },
          {
            "id": "11cc649b65673498",
            "type": "leaf",
            "state": {
              "type": "bookmarks",
              "state": {},
              "icon": "lucide-bookmark",
              "title": "书签"
            }
          }
        ]
      }
    ],
    "direction": "horizontal",
    "width": 200
  },
  "right": {
    "id": "c59c06bd15569dd1",
    "type": "split",
    "children": [
      {
        "id": "d4fbd4f6155a27a8",
        "type": "tabs",
        "children": [
          {
            "id": "9dfd234dd519c51d",
            "type": "leaf",
            "state": {
              "type": "outline",
              "state": {
                "file": "Notes/Distributed Systems for fun and profit.md",
                "followCursor": false,
                "showSearch": false,
                "searchQuery": ""
              },
              "icon": "lucide-list",
              "title": "Distributed Systems for fun and profit 的大纲"
            }
          },
          {
            "id": "0680a2ab3999a1b9",
            "type": "leaf",
            "state": {
              "type": "backlink",
              "state": {
                "file": "自强杯/资料整理.md",
                "collapseAll": false,
                "extraContext": false,
                "sortOrder": "alphabetical",
                "showSearch": false,
                "searchQuery": "",
                "backlinkCollapsed": false,
                "unlinkedCollapsed": true
              },
              "icon": "links-coming-in",
              "title": "资料整理 的反向链接列表"
            }
          },
          {
            "id": "404abe05839ef0d8",
            "type": "leaf",
            "state": {
              "type": "outgoing-link",
              "state": {
                "file": "虚拟货币项目/PPT 修改.md",
                "linksCollapsed": false,
                "unlinkedCollapsed": true
              },
              "icon": "links-going-out",
              "title": "PPT 修改 的出链列表"
            }
          },
          {
            "id": "c597fe385cb30fc6",
            "type": "leaf",
            "state": {
              "type": "tag",
              "state": {
                "sortOrder": "frequency",
                "useHierarchy": true,
                "showSearch": false,
                "searchQuery": ""
              },
              "icon": "lucide-tags",
              "title": "标签"
            }
          },
          {
            "id": "5dd79b05c52f19cb",
            "type": "leaf",
            "state": {
              "type": "copilot-chat-view",
              "state": {},
              "icon": "message-square",
              "title": "Copilot"
            }
          }
        ]
      }
    ],
    "direction": "horizontal",
    "width": 409.5
  },
  "left-ribbon": {
    "hiddenItems": {
      "switcher:打开快速切换": false,
      "graph:查看关系图谱": false,
      "command-palette:打开命令面板": false,
      "copilot:Open Copilot Chat": false
    }
  },
  "active": "9dfd234dd519c51d",
  "lastOpenFiles": [
    "分布式云原生.md",
    "分布式系统/Lecture 1 - Introduction.md",
    "分布式系统/学习资料.md",
    "etcd/Raft 共识协议.md",
    "etcd/MVCC 多版本并发控制.md",
    "虚拟货币项目/整体架构设计 v2.md",
    "虚拟货币项目/整体架构修改.md",
    "签名过程及其对应的 API.md",
    "Notes/Go 学习路线.md",
    "自强杯/基于后量子安全技术的芯片护照系统项目说明.md",
    "自强杯/APDU 指令集实现.md",
    "自强杯/PC 端的设计与实现.md",
    "etcd",
    "自强杯/护照阅读机.md",
    "Notes/etcd 键值存储系统.md",
    "Notes/Distributed Systems for fun and profit.md",
    "自强杯/AA 协议 1.md",
    "自强杯/顶会认证论文.md",
    "自强杯/顶会认证论文.pptx",
    "虚拟货币项目/2025-01-17.md",
    "虚拟货币项目/函数.md",
    "虚拟货币项目/技术选型和名词解释.md",
    "虚拟货币项目/技术选型说明.md",
    "虚拟货币项目/整体架构设计 v1.md",
    "虚拟货币项目/PPT 修改.md",
    "Achieved PDF/AA 协议.docx",
    "自强杯/PA 协议.md",
    "自强杯/AA 协议.md",
    "选课.md",
    "copilot-conversations",
    "Clippings",
    "osiris",
    "分布式系统",
    "自强杯",
    "Test.pptx",
    "虚拟货币项目/PPT 修改.pptx",
    "未命名.canvas",
    "未命名 1.canvas"
  ]
}