{
  "editor:set-heading-2": [
    {
      "modifiers": [
        "Mod"
      ],
      "key": "2"
    }
  ],
  "editor:set-heading-3": [
    {
      "modifiers": [
        "Mod"
      ],
      "key": "3"
    }
  ],
  "editor:set-heading-4": [
    {
      "modifiers": [
        "Mod"
      ],
      "key": "4"
    }
  ],
  "editor:set-heading-5": [
    {
      "modifiers": [
        "Mod"
      ],
      "key": "5"
    }
  ],
  "editor:toggle-inline-math": [
    {
      "modifiers": [
        "Mod"
      ],
      "key": "M"
    }
  ],
  "workspace:goto-tab-3": [],
  "workspace:goto-tab-4": [],
  "workspace:goto-tab-5": [],
  "workspace:goto-tab-2": [],
  "workspace:goto-tab-6": [],
  "workspace:goto-tab-7": [],
  "workspace:goto-tab-8": [],
  "editor:toggle-code": [
    {
      "modifiers": [
        "Ctrl"
      ],
      "key": "`"
    }
  ],
  "editor:insert-mathblock": [
    {
      "modifiers": [
        "Alt",
        "Mod"
      ],
      "key": "M"
    }
  ],
  "editor:insert-codeblock": [
    {
      "modifiers": [
        "Alt",
        "Mod"
      ],
      "key": "C"
    }
  ],
  "editor:insert-callout": [
    {
      "modifiers": [
        "Alt",
        "Mod"
      ],
      "key": "Q"
    }
  ],
  "editor:toggle-blockquote": [
    {
      "modifiers": [
        "Mod"
      ],
      "key": "Q"
    }
  ]
}