{
  "main": {
    "id": "5324373015726ba8",
    "type": "split",
    "children": [
      {
        "id": "409879af6ce53173",
        "type": "tabs",
        "children": [
          {
            "id": "606a82ebfac88e23",
            "type": "leaf",
            "state": {
              "type": "markdown",
              "state": {
                "file": "Go 语言底层原理剖析.md",
                "mode": "source",
                "source": false,
                "backlinks": true,
                "backlinkOpts": {
                  "collapseAll": false,
                  "extraContext": false,
                  "sortOrder": "alphabetical",
                  "showSearch": false,
                  "searchQuery": "",
                  "backlinkCollapsed": false,
                  "unlinkedCollapsed": true
                }
              },
              "icon": "lucide-file",
              "title": "Go 语言底层原理剖析"
            }
          }
        ]
      }
    ],
    "direction": "vertical"
  },
  "left": {
    "id": "0dfe84824cac7054",
    "type": "split",
    "children": [
      {
        "id": "c3ffab4d9da1fe4c",
        "type": "tabs",
        "children": [
          {
            "id": "9e6f261f4432138c",
            "type": "leaf",
            "state": {
              "type": "file-explorer",
              "state": {
                "sortOrder": "alphabeticalReverse",
                "autoReveal": false
              },
              "icon": "lucide-folder-closed",
              "title": "文件列表"
            }
          },
          {
            "id": "0674b0f0b0195897",
            "type": "leaf",
            "state": {
              "type": "search",
              "state": {
                "query": "",
                "matchingCase": false,
                "explainSearch": false,
                "collapseAll": false,
                "extraContext": false,
                "sortOrder": "alphabetical"
              },
              "icon": "lucide-search",
              "title": "搜索"
            }
          },
          {
            "id": "a095ad9869f2a706",
            "type": "leaf",
            "state": {
              "type": "bookmarks",
              "state": {},
              "icon": "lucide-bookmark",
              "title": "书签"
            }
          }
        ]
      }
    ],
    "direction": "horizontal",
    "width": 226.5
  },
  "right": {
    "id": "8136a6bea629e8bf",
    "type": "split",
    "children": [
      {
        "id": "b6879259ebd62adf",
        "type": "tabs",
        "children": [
          {
            "id": "4ce8083e6e245f17",
            "type": "leaf",
            "state": {
              "type": "backlink",
              "state": {
                "file": "Go 语言底层原理剖析.md",
                "collapseAll": false,
                "extraContext": false,
                "sortOrder": "alphabetical",
                "showSearch": false,
                "searchQuery": "",
                "backlinkCollapsed": false,
                "unlinkedCollapsed": true
              },
              "icon": "links-coming-in",
              "title": "Go 语言底层原理剖析 的反向链接列表"
            }
          },
          {
            "id": "e7a988ed038945b6",
            "type": "leaf",
            "state": {
              "type": "outgoing-link",
              "state": {
                "file": "面试/A-面试记录.md",
                "linksCollapsed": false,
                "unlinkedCollapsed": true
              },
              "icon": "links-going-out",
              "title": "A-面试记录 的出链列表"
            }
          },
          {
            "id": "847d197f47685376",
            "type": "leaf",
            "state": {
              "type": "tag",
              "state": {
                "sortOrder": "frequency",
                "useHierarchy": true,
                "showSearch": false,
                "searchQuery": ""
              },
              "icon": "lucide-tags",
              "title": "标签"
            }
          },
          {
            "id": "65f2ccc003e5e784",
            "type": "leaf",
            "state": {
              "type": "outline",
              "state": {
                "file": "Go 语言底层原理剖析.md",
                "followCursor": false,
                "showSearch": false,
                "searchQuery": ""
              },
              "icon": "lucide-list",
              "title": "Go 语言底层原理剖析 的大纲"
            }
          },
          {
            "id": "1ef3699ab9e72869",
            "type": "leaf",
            "state": {
              "type": "git-view",
              "state": {},
              "icon": "git-pull-request",
              "title": "Source Control"
            }
          },
          {
            "id": "2ad16cc13438b46f",
            "type": "leaf",
            "state": {
              "type": "timer-view",
              "state": {},
              "icon": "timer",
              "title": "Timer"
            }
          }
        ],
        "currentTab": 3
      }
    ],
    "direction": "horizontal",
    "width": 276.5
  },
  "left-ribbon": {
    "hiddenItems": {
      "switcher:打开快速切换": false,
      "graph:查看关系图谱": false,
      "templates:插入模板": false,
      "command-palette:打开命令面板": false,
      "obsidian-git:Open Git source control": false,
      "pomodoro-timer:Toggle timer panel": false
    }
  },
  "active": "606a82ebfac88e23",
  "lastOpenFiles": [
    "面试准备.md",
    "Go 语言底层原理剖析.md",
    "Golang 底层原理/内存管理与垃圾回收.md",
    "etcd/分布式系统与一致性协议.md",
    "Go 内置方法+常用数据结构.md",
    "深入容器技术 Deep into Container.md",
    "Pasted image 20250319165330.png",
    "Pasted image 20250319164853.png",
    "深入容器技术 Deep into Container~.md",
    "面试/A-面试记录.md",
    "面试/柠檬微趣-1.md",
    "面试/柠檬微趣.md",
    "面试/阿里云.md",
    "面试/饿了么.md",
    "面试/华为 2012.md",
    "面试/蚂蚁.md",
    "面试/淘天集团.md",
    "面试/携程.md",
    "面试/字节，抖音支付.md",
    "项目准备/分布式即时通讯系统.md",
    "etcd",
    "项目准备",
    "面试/网易互娱.md",
    "面试/灵犀互娱.md",
    "Golang 底层原理",
    "Quick Access",
    "未命名看板.md",
    "面试/美团.md",
    "面试",
    "未命名 1.canvas",
    "未命名看板 1.md",
    "未命名.canvas"
  ]
}