{
  "easy-typing-obsidian:easy-typing-insert-codeblock": [
    {
      "modifiers": [
        "Alt",
        "Mod"
      ],
      "key": "C"
    }
  ],
  "better-export-pdf:export-current-file-to-pdf": [
    {
      "modifiers": [
        "Mod"
      ],
      "key": "P"
    }
  ],
  "command-palette:open": [
    {
      "modifiers": [
        "Mod",
        "Shift"
      ],
      "key": "P"
    }
  ],
  "easy-typing-obsidian:easy-typing-format-switch": [],
  "easy-typing-obsidian:easy-typing-toggle-comment": [],
  "editor:open-link-in-new-leaf": [],
  "editor:insert-mathblock": [
    {
      "modifiers": [
        "Mod"
      ],
      "key": "M"
    }
  ],
  "editor:set-heading-1": [
    {
      "modifiers": [
        "Mod"
      ],
      "key": "1"
    }
  ],
  "editor:set-heading-2": [
    {
      "modifiers": [
        "Mod"
      ],
      "key": "2"
    }
  ],
  "editor:set-heading-3": [
    {
      "modifiers": [
        "Mod"
      ],
      "key": "3"
    }
  ],
  "editor:set-heading-4": [
    {
      "modifiers": [
        "Mod"
      ],
      "key": "4"
    }
  ],
  "editor:set-heading-5": [
    {
      "modifiers": [
        "Mod"
      ],
      "key": "5"
    }
  ],
  "editor:toggle-inline-math": [
    {
      "modifiers": [
        "Mod",
        "Shift"
      ],
      "key": "M"
    }
  ],
  "workspace:goto-tab-1": [],
  "workspace:goto-tab-2": [],
  "workspace:goto-tab-3": [],
  "workspace:goto-tab-4": [],
  "workspace:goto-tab-5": [],
  "editor:toggle-code": [
    {
      "modifiers": [
        "Ctrl"
      ],
      "key": "`"
    }
  ],
  "editor:insert-callout": [
    {
      "modifiers": [
        "Alt",
        "Mod"
      ],
      "key": "Q"
    }
  ],
  "editor:insert-codeblock": [
    {
      "modifiers": [
        "Alt",
        "Mod"
      ],
      "key": "C"
    }
  ],
  "slides:start": [
    {
      "modifiers": [
        "Alt",
        "Mod"
      ],
      "key": "P"
    }
  ],
  "quickadd:choice:6aa78042-0bf4-433f-873e-5ae4489a5377": [
    {
      "modifiers": [
        "Mod",
        "Shift"
      ],
      "key": "N"
    }
  ],
  "file-explorer:new-file-in-new-pane": []
}