{
  "main": {
    "id": "5324373015726ba8",
    "type": "split",
    "children": [
      {
        "id": "aac96659384e9438",
        "type": "tabs",
        "children": [
          {
            "id": "e0ea860cacc5e1a4",
            "type": "leaf",
            "state": {
              "type": "markdown",
              "state": {
                "file": "HomePage.md",
                "mode": "preview",
                "source": true
              },
              "icon": "lucide-file",
              "title": "HomePage"
            }
          },
          {
            "id": "e16482f97c8fbcba",
            "type": "leaf",
            "state": {
              "type": "markdown",
              "state": {
                "file": "大语言模型 LLM/Model Context Protocol Crash Course.md",
                "mode": "preview",
                "source": false
              },
              "icon": "lucide-file",
              "title": "Model Context Protocol Crash Course"
            }
          }
        ],
        "currentTab": 1
      }
    ],
    "direction": "vertical"
  },
  "left": {
    "id": "c7046924d7eb2157",
    "type": "split",
    "children": [
      {
        "id": "adeb54990273e444",
        "type": "tabs",
        "children": [
          {
            "id": "7cdbf3bb4bc1b726",
            "type": "leaf",
            "state": {
              "type": "file-explorer",
              "state": {
                "sortOrder": "alphabetical",
                "autoReveal": true
              },
              "icon": "lucide-folder-closed",
              "title": "文件列表"
            }
          },
          {
            "id": "2997d7d3681ae035",
            "type": "leaf",
            "state": {
              "type": "search",
              "state": {
                "query": "",
                "matchingCase": true,
                "explainSearch": false,
                "collapseAll": false,
                "extraContext": false,
                "sortOrder": "alphabetical"
              },
              "icon": "lucide-search",
              "title": "搜索"
            }
          },
          {
            "id": "22cb2a15aa1fed6a",
            "type": "leaf",
            "state": {
              "type": "bookmarks",
              "state": {},
              "icon": "lucide-bookmark",
              "title": "书签"
            }
          }
        ]
      }
    ],
    "direction": "horizontal",
    "width": 269.5
  },
  "right": {
    "id": "c59c06bd15569dd1",
    "type": "split",
    "children": [
      {
        "id": "d4fbd4f6155a27a8",
        "type": "tabs",
        "children": [
          {
            "id": "9dfd234dd519c51d",
            "type": "leaf",
            "state": {
              "type": "outline",
              "state": {
                "file": "Go 语言学习笔记/Go 库函数和内置方法.md",
                "followCursor": false,
                "showSearch": false,
                "searchQuery": ""
              },
              "icon": "lucide-list",
              "title": "Go 库函数和内置方法 的大纲"
            }
          },
          {
            "id": "0680a2ab3999a1b9",
            "type": "leaf",
            "state": {
              "type": "backlink",
              "state": {
                "file": "秋招准备计划.md",
                "collapseAll": false,
                "extraContext": false,
                "sortOrder": "alphabetical",
                "showSearch": false,
                "searchQuery": "",
                "backlinkCollapsed": false,
                "unlinkedCollapsed": true
              },
              "icon": "links-coming-in",
              "title": "秋招准备计划 的反向链接列表"
            }
          },
          {
            "id": "404abe05839ef0d8",
            "type": "leaf",
            "state": {
              "type": "outgoing-link",
              "state": {
                "file": "秋招准备计划.md",
                "linksCollapsed": false,
                "unlinkedCollapsed": true
              },
              "icon": "links-going-out",
              "title": "秋招准备计划 的出链列表"
            }
          },
          {
            "id": "c597fe385cb30fc6",
            "type": "leaf",
            "state": {
              "type": "tag",
              "state": {
                "sortOrder": "frequency",
                "useHierarchy": true,
                "showSearch": false,
                "searchQuery": ""
              },
              "icon": "lucide-tags",
              "title": "标签"
            }
          }
        ]
      }
    ],
    "direction": "horizontal",
    "width": 443.5,
    "collapsed": true
  },
  "left-ribbon": {
    "hiddenItems": {
      "switcher:打开快速切换": false,
      "graph:查看关系图谱": false,
      "command-palette:打开命令面板": false,
      "markdown-importer:打开 Markdown 格式转换器": false,
      "obsidian-git:Open Git source control": false,
      "templater-obsidian:Templater": false
    }
  },
  "active": "e16482f97c8fbcba",
  "lastOpenFiles": [
    "分布式微服务IM系统/Kafka Go 客户端选型与分析.md",
    "你好.md",
    "未命名.md",
    "Templates/Hugo-Post-Templates.md~",
    "我的第一篇无感发布文章.md",
    "HomePage.md",
    "Templates/Hugo-Post-Templates.md",
    "新闻只.md",
    "硕士论文写作.md",
    "秋招准备计划.md",
    "【极客时间】消息队列高手课.md",
    "未命名 1.md",
    "你好我的没人.md",
    "Templates",
    "分布式微服务IM系统/系统设计-低延迟、高可用、可靠.md",
    "大语言模型 LLM/Model Context Protocol Crash Course.md",
    "大语言模型 LLM/深入理解大语言模型-Dive into LLMs like Chatgpt.md",
    "容器与云原生技术/K8s 实战教程.md",
    "容器与云原生技术/虚拟化与容器化概述.md",
    "深入高可用系统原理与设计/云原生技术概论.md",
    "Go 语言学习笔记/Go 远程过程调用标准库与 gRPC.md",
    "Go 语言学习笔记/Go 性能分析工具 pprof.md",
    "Go 语言学习笔记/Go 热重载工具 air.md",
    "Go 语言学习笔记/Go 垃圾回收-语义、GC 跟踪与节奏.md",
    "Go 语言学习笔记/Go 库函数和内置方法.md",
    "Go 语言学习笔记/Go 高性能日志库 Zap.md",
    "Excalidraw/Drawing 2025-06-01 22.11.06.excalidraw.md",
    "Excalidraw",
    "Go 语言学习笔记/Go 中的优雅关闭 Graceful Shutdown.md",
    "深入高可用系统原理与设计",
    "Reading Material/Redis深度历险：核心原理与应用实践 (钱文品) (Z-Library).pdf",
    "大语言模型 LLM",
    "容器与云原生技术",
    "obsidian.zip",
    "ziFo1oHF",
    "随笔",
    "未命名.canvas",
    "未命名 1.canvas"
  ]
}