{
  "main": {
    "id": "4573fced4e76cc59",
    "type": "split",
    "children": [
      {
        "id": "b060db6553c2052a",
        "type": "tabs",
        "children": [
          {
            "id": "7b645ddf30e27a06",
            "type": "leaf",
            "state": {
              "type": "markdown",
              "state": {
                "file": "A-归档笔记/虚拟化与容器化与 K8S.md",
                "mode": "source",
                "source": false
              },
              "icon": "lucide-file",
              "title": "虚拟化与容器化与 K8S"
            }
          }
        ]
      }
    ],
    "direction": "vertical"
  },
  "left": {
    "id": "c7046924d7eb2157",
    "type": "split",
    "children": [
      {
        "id": "adeb54990273e444",
        "type": "tabs",
        "children": [
          {
            "id": "7cdbf3bb4bc1b726",
            "type": "leaf",
            "state": {
              "type": "file-explorer",
              "state": {
                "sortOrder": "alphabetical",
                "autoReveal": true
              },
              "icon": "lucide-folder-closed",
              "title": "文件列表"
            }
          },
          {
            "id": "2997d7d3681ae035",
            "type": "leaf",
            "state": {
              "type": "search",
              "state": {
                "query": "\\(",
                "matchingCase": true,
                "explainSearch": false,
                "collapseAll": false,
                "extraContext": false,
                "sortOrder": "alphabetical"
              },
              "icon": "lucide-search",
              "title": "搜索"
            }
          },
          {
            "id": "11cc649b65673498",
            "type": "leaf",
            "state": {
              "type": "bookmarks",
              "state": {},
              "icon": "lucide-bookmark",
              "title": "书签"
            }
          }
        ]
      }
    ],
    "direction": "horizontal",
    "width": 255.5
  },
  "right": {
    "id": "c59c06bd15569dd1",
    "type": "split",
    "children": [
      {
        "id": "d4fbd4f6155a27a8",
        "type": "tabs",
        "children": [
          {
            "id": "9dfd234dd519c51d",
            "type": "leaf",
            "state": {
              "type": "outline",
              "state": {
                "followCursor": false,
                "showSearch": false,
                "searchQuery": ""
              },
              "icon": "lucide-list",
              "title": "大纲"
            }
          },
          {
            "id": "0680a2ab3999a1b9",
            "type": "leaf",
            "state": {
              "type": "backlink",
              "state": {
                "file": "自强杯/资料整理.md",
                "collapseAll": false,
                "extraContext": false,
                "sortOrder": "alphabetical",
                "showSearch": false,
                "searchQuery": "",
                "backlinkCollapsed": false,
                "unlinkedCollapsed": true
              },
              "icon": "links-coming-in",
              "title": "资料整理 的反向链接列表"
            }
          },
          {
            "id": "404abe05839ef0d8",
            "type": "leaf",
            "state": {
              "type": "outgoing-link",
              "state": {
                "file": "虚拟货币项目/PPT 修改.md",
                "linksCollapsed": false,
                "unlinkedCollapsed": true
              },
              "icon": "links-going-out",
              "title": "PPT 修改 的出链列表"
            }
          },
          {
            "id": "c597fe385cb30fc6",
            "type": "leaf",
            "state": {
              "type": "tag",
              "state": {
                "sortOrder": "frequency",
                "useHierarchy": true,
                "showSearch": false,
                "searchQuery": ""
              },
              "icon": "lucide-tags",
              "title": "标签"
            }
          }
        ]
      }
    ],
    "direction": "horizontal",
    "width": 272.5,
    "collapsed": true
  },
  "left-ribbon": {
    "hiddenItems": {
      "switcher:打开快速切换": false,
      "graph:查看关系图谱": false,
      "command-palette:打开命令面板": false
    }
  },
  "active": "7b645ddf30e27a06",
  "lastOpenFiles": [
    "A-归档笔记/消息队列.md",
    "A-归档笔记/系统场景设计题汇总.md",
    "A-归档笔记/垃圾回收原理分析.md",
    "A-归档笔记/简历相关面试题汇总.md",
    "A-归档笔记/缓存与数据库一致性问题.md",
    "简历内容.md",
    "A-归档笔记/Golang面试知识点大纲.md",
    "后量子电子护照.md",
    "后量子电子护照技术报告.md",
    "论文大体框架.md",
    "设计模式.md",
    "微服务.md",
    "未命名.md",
    "PRELIMINARIES.md",
    "THE CS SCHEME AND ITS LEAKAGE.md",
    "A Query Reconstruction Attack on the Chase-Shen Substring-Searchable Symmetric Encryption Scheme.md",
    "osiris/libP2P 基础知识.md",
    "osiris/libp2p example.md",
    "osiris/以太坊默克尔压缩前缀树.md",
    "EXPERIMENTAL EVALUATION.md",
    "OUR QUERY RECOVERY ATTACK.md",
    "A-归档笔记/Go 内置方法+常用数据结构.md",
    "A-归档笔记/CMU15445-Project3-火山模型.md",
    "面经/面试问题汇总.md",
    "A-归档笔记/虚拟化与容器化与 K8S.md",
    "A-归档笔记/socket 网络编程.md",
    "面经",
    "廖明秋-后端开发实习生-简历.pdf",
    "A-归档笔记",
    "Golang",
    "Go 语言高级编程",
    "IM",
    "并发编程",
    "etcd",
    "自强杯/顶会认证论文.pptx",
    "Achieved PDF/AA 协议.docx",
    "未命名.canvas",
    "未命名 1.canvas"
  ]
}